{
  "id": 1,
  "method": "notice-event",
  "content": {
    "arguments": {
      "taskArea": [
        [
          121.00000000,
          22.01852000
        ],
        [
          121.00000000,
          22.00000000
        ],
        [
          121.05556000,
          22.00000000
        ],
        [
          121.05556000,
          22.01852000
        ],
        [
          121.00000000,
          22.01852000
        ]
      ],
      "targetInfo": [
      ],
      "susTargetInfo": [
        {
          "susTargetId": 800001,
          "susTargetArea": [
            [
              121.00500000,
              22.01500000
            ],
            [
              121.00500000,
              22.01490000
            ],
            [
              121.00540000,
              22.01490000
            ],
            [
              121.00540000,
              22.01500000
            ],
            [
              121.00500000,
              22.01500000
            ]
          ]
        },
        {
          "susTargetId": 800002,
          "susTargetArea": [
            [
              121.01200000,
              22.01600000
            ],
            [
              121.01200000,
              22.01590000
            ],
            [
              121.01240000,
              22.01590000
            ],
            [
              121.01240000,
              22.01600000
            ],
            [
              121.01200000,
              22.01600000
            ]
          ]
        },
        {
          "susTargetId": 800003,
          "susTargetArea": [
            [
              121.01500000,
              22.01400000
            ],
            [
              121.01500000,
              22.01390000
            ],
            [
              121.01540000,
              22.01390000
            ],
            [
              121.01540000,
              22.01400000
            ],
            [
              121.01500000,
              22.01400000
            ]
          ]
        },
        {
          "susTargetId": 800004,
          "susTargetArea": [
            [
              121.03000000,
              22.01600000
            ],
            [
              121.03000000,
              22.01590000
            ],
            [
              121.03040000,
              22.01590000
            ],
            [
              121.03040000,
              22.01600000
            ],
            [
              121.03000000,
              22.01600000
            ]
          ]
        },
        {
          "susTargetId": 800005,
          "susTargetArea": [
            [
              121.04500000,
              22.01400000
            ],
            [
              121.04500000,
              22.01390000
            ],
            [
              121.04540000,
              22.01390000
            ],
            [
              121.04540000,
              22.01400000
            ],
            [
              121.04500000,
              22.01400000
            ]
          ]
        },
        {
          "susTargetId": 800006,
          "susTargetArea": [
            [
              121.05200000,
              22.00900000
            ],
            [
              121.05200000,
              22.00890000
            ],
            [
              121.05240000,
              22.00890000
            ],
            [
              121.05240000,
              22.00900000
            ],
            [
              121.05200000,
              22.00900000
            ]
          ]
        },
        {
          "susTargetId": 800007,
          "susTargetArea": [
            [
              121.01393,
              22.0096
            ],
            [
              121.01431738969887,
              22.009599999542342
            ],
            [
              121.01431738969887,
              22.00969030897599
            ],
            [
              121.01393,
              22.00969030943365
            ],
            [
              121.01393,
              22.0096
            ]
          ]
        },
        {
          "susTargetId": 800008,
          "susTargetArea": [
            [
              121.03000000,
              22.00400000
            ],
            [
              121.03000000,
              22.00390000
            ],
            [
              121.03040000,
              22.00390000
            ],
            [
              121.03040000,
              22.00400000
            ],
            [
              121.03000000,
              22.00400000
            ]
          ]
        },
        {
          "susTargetId": 800010,
          "susTargetArea": [
            [
              121.04,
              22.015
            ],
            [
              121.04038740437451,
              22.014999999542223
            ],
            [
              121.04038740437451,
              22.01509030891642
            ],
            [
              121.04,
              22.015090309374198
            ],
            [
              121.04,
              22.015
            ]
          ]
        },
        {
          "susTargetId": 800011,
          "susTargetArea": [
            [
              121.01258,
              22.00501
            ],
            [
              121.01296737722815,
              22.00500999954244
            ],
            [
              121.01296737722815,
              22.00510030902662
            ],
            [
              121.01258,
              22.005100309484178
            ],
            [
              121.01258,
              22.00501
            ]
          ]
        }
      ],
      "vesInfo": [
        {
          "tid": "03AF0101",
          "vesPos": [
            121.005,
            22.01342
          ],
          "sonarWidth": 120
        },
        {
          "tid": "03AF0102",
          "vesPos": [
            121.005,
            22.01142
          ],
          "sonarWidth": 120
        },
        {
          "tid": "03AF0103",
          "vesPos": [
            121.005,
            22.00942
          ],
          "sonarWidth": 120
        },
        {
          "tid": "03AF0104",
          "vesPos": [
            121.005,
            22.00742
          ],
          "sonarWidth": 120
        }
      ],
      "config": {
        "targetThreatRadius": 70,
        "deadZoneWidth": 30,
        "startPointdis": 50,
        "speed": 5,
        "sonarLength": 20
      },
      "initial": false
    }
  }
}